ID	mean	sd
Age_at_onset_years	60.9607341761594	12.2370441075555
Diagnostic_delay_years	1.46362303208135	1.87172833422301
Time_to_death_or_last_followup_years	4.15486234014619	4.040022393887
